"<meta name=""twitter:description"" content=""Football results", betting odds, livescore, free bets, betting advice," odds comparison and lots more."" />"
"<META NAME=""description"" CONTENT=""Free bets and football betting", historical football results and a betting odds archive, live scores, odds comparison," betting advice and betting articles - all free from Football-Data!"">",
    var s = document.getElementsByTagName('script')[0]; s.parentNode.insertBefore(po, s);,,,,
"<B><P align=center><SPAN style=""FONT-WEIGHT: bold; FONT-SIZE: 11pt; FONT-FAMILY: Verdana"">Your <img align=""absmiddle"" alt=""Football Betting Odds", Football Results, Free Bets," Football Scores"" src=""banner/free.jpeg"" border=0> Football Betting", Odds & Results Service</Span><BR>,
Free football betting odds & results data archive, live scores, match statistics, odds comparison," betting advice & football news..... <a href=""#intro"">Find out more.</a><P>",
"<a target=""_blank"" href=""https://www.bet365.com/hub/aff/6-scores-challenge?affiliate=grm_1371"">6 Scores Challenge Fixtures â  4th/5th April: Burnley v West Ham", Fulham v Everton, Bournemouth v Aston Villa, Newcastle v Brentford, Brighton v Crystal Palace, Liverpool v Man City<BR><small>UK only. 18+. Please Gamble Responsibly. BeGambleAware.org</small></a>
"<a target=""_blank"" href=""https://thestatsapi.com/?via=hwnjyf""><b><small><font color=""red"">1",000+ Competitions, 84,000+,,
Players," 20+ Years Data</a></font><BR><a href=""thestatsapi.php""><font color=""red"">Why do I recommend TheStatsAPI?</font></a></small></b></a>",,,,
"<P Align=justify><SPAN style=""FONT-SIZE: 8pt; FONT-FAMILY: Verdana"">New and eligible bet365 customers can reveal a new <A target=""_blank"" HREF=""https://www.bet365.com/hub/aff/wc26?affiliate=grm_1371""><b>WC26 promotion</b></a> every day"," and take part in their free-to-play <A target=""_blank"" HREF=""https://www.bet365.com/hub/en-gb/wc26-tournament-challenge?affiliate=grm_1371""><b>Â£250","000 Tournament Challenge</b></a>. T&Cs apply. 18+. Please gamble responsibly. <a href=""https://www.GambleAware.org"" target=""_blank"">GambleAware.org</a>",,,
"<A target=""_blank"" rel=""nofollow"" HREF=""https://www.bet365.com/hub/aff/6-scores-challenge?affiliate=grm_1371""><img valign=""middle"" border=0 width=""27"" src=""https://www.football-data.co.uk/banners/bookies/bet365.png""></a> <A target=""_blank"" rel=""nofollow"" HREF=""https://www.bet365.com/hub/aff/6-scores-challenge?affiliate=grm_1371""><b>Â£250","000 JACKPOT</b></a> <A target=""_blank"" rel=""nofollow"" HREF=""https://www.bet365.com/hub/aff/6-scores-challenge?affiliate=grm_1371""><img valign=""middle"" border=0 width=""27"" src=""https://www.football-data.co.uk/banners/bookies/bet365.png""></a></SPAN></td></tr>",,,,
"<P Align=justify><SPAN style=""FONT-SIZE: 8pt; FONT-FAMILY: Verdana"">Man City v Arsenal headline the bet365 <b>6 Scores Challenge</b> this weekend", with a Â£250,"000 jackpot on offer in the <b>free-to-play game!</b> <A target=""_blank"" rel=""nofollow"" HREF=""https://www.bet365.com/hub/aff/6-scores-challenge?affiliate=grm_1371"">Make your predictions here.</a> T&Cs apply apply. Please Gamble Responsibly. <a href=""https://www.GambleAware.org"" target=""_blank"">GambleAware.org</a>",,,
			Promotions are another big draw. As well as the free bets for new customers, offers like 2 Goals Up (early payout if your team goes two goals ahead) and regular Bet Boosts add genuine value.<BR><BR>,,,,
			Registration is quick and painless thanks to a fast and simple KYC process, and funding your account is easy with a wide range of payment options, from cards to e-wallets. Withdrawals are typically smooth, reliable and instant.<BR><BR>,,
			Crucially, bet365 is fully licensed by the UK Gambling Commission, giving you peace of mind. They also take safer gambling seriously, offering tools like deposit limits, time-outs, and self-exclusion options.<BR><BR>
			Strong odds, excellent in-play features, valuable promos, and a safe, trusted platform.,
"<TD style=""PADDING-RIGHT: 0pt; PADDING-LEFT: 10pt; BACKGROUND: #FFFFFF; PADDING-BOTTOM: 10pt; PADDING-TOP: 10pt"" bgColor=""white""><P align=justify><img border=0 align=right hspace=10 vspace=10 height=140 src=""monte_carlo.jpg""><FONT face=Verdana color=black><B>Monte Carlo Or Bust: Simple Simulations for Aspiring Sports Bettors</B> <i>by Joseph Buchdahl</i><BR>In addition to the famous Casino and the gambling fallacy that shares its name", 'Monte Carlo' is also used to describe a tool of statistical forecasting. A Monte Carlo simulation models the probability of uncertain outcomes that cannot be easily predicted from mathematical equations. My book describes how aspiring sports bettors can use a Monte Carlo simulation to improve the quality, and hopefully profitability, of their betting, unravelling the mystery of probability and variance that lies at its heart. ,
"              style=""FONT-SIZE: 8.5pt; FONT-FAMILY: Verdana"">Tracking Pinnacle's odds", the sharpest in the industry, allows bettors to make mathematically profitable value bets. The Pinnacle Odds dropper will notify you in real time of Pinnacle's price movements," allowing you to take advantage at other slower bookmakers. Choose from 3 subscription packages and set filters for your favourite betting markets. The gold package includes opening odds alerts and a closing line value bet tracker. The methodology follows Football-Data's own Wisdom of the Crowd. <a target=""_blank"" href=""https://www.football-data.co.uk/The_Wisdom_of_the_Crowd_updated.pdf"">Read my analysis</a> of why this is a proven and valid betting methodology. ",,
"              style=""FONT-SIZE: 8.5pt; FONT-FAMILY: Verdana"">18+ Play Safe. New UK customers using Promo code R30 only bet a minimum â¬10 stake (min odds 1.5) and free bets paid as 3 x &pound;10", free bets credited after settlement of first qualifying bet, free bets will expire 7 days after the qualifying bet is placed," payment method/player restrictions apply. See website for full terms. #ad. Please Gamble Responsibly. <a href=""http://www.BeGambleAware.org"" target=""_blank"">BeGambleAware.org</a> | <a href=""http://www.gamstop.co.uk"" target=""_blank"">GamStop</a>",,
"<P align=""justify""><small><b>Affiliate Disclosure:</b><BR>Football-Data's revenues come from losses accrued by customers of banner-advertised bookmakers. Nearly all bettors lose in the long run. Users taking advantage of any advertised welcome offer should familiarise themselves with the bookmaker's T&Cs. Any information appearing on this website", including references to winning, profit, beating odds/bookmakers etc. should not be considered professional advice or a recommendation to bet or gamble. Furthermore," the small proportion of customers considered by bookmakers to be sufficiently skilled at beating their prices may find their stakes restricted or have their accounts closed. Both the UK Government and bookmakers alike maintain that betting and gambling in the UK should be considered a form of entertainment only and not a trade to make money. Please gamble responsibly. <b><u>NEVER</u></b> risk what you cannot affort to lose. <a href=""https://www.gambleaware.org/"" target=""_blank"">GambleAware</a>.<P>",
"<P align=justify>Football-Data is a free football betting portal providing <A href=""data.php"">historical results & odds</a> to help football betting enthusiasts analyse many years of data quickly and efficiently to gain an edge over the bookmaker. Whilst other football results and odds databases do exist"," Football-Data is unique in making available computer-ready data in Excel and CSV format for quantitative analysis. Simply <A href=""data.php#download"">download</a> for free the available files"," and learn more about how to use the data in Football-Data's free guide to <A href=""ratings.pdf"">rating systems</a> plus Football-Data's comprehensive <A href=""http://betting.football-data.co.uk"">betting guide</a>.",,,
"              style=""FONT-SIZE: 8.5pt; FONT-FAMILY: Verdana"">18+ Play Safe. New Ireland customers using Promo code BB40 only bet a minimum â¬10 stake (min odds 1.5) and free bets paid as 4 x â¬10", free bets credited after settlement of first qualifying bet, free bets will expire 7 days after the qualifying bet is placed, payment method/player restrictions apply. See website for full terms. gamblingtherapy.org,,
"<tr><td class=""menustd""><div class=""menus""><A target=_""blank"" HREF=""https://www.soccerwidow.com/"" title=""About Football", Gambling, Statistics," Betting Maths and Strategies""><B>Soccerwidow</B></A></div></td></tr>",,
